{"eval/loss": 2.688791513442993, "eval/bleu": 10.2201, "eval/gen_len": 25.05, "eval/runtime": 32.1396, "eval/samples_per_second": 0.622, "eval/steps_per_second": 0.062, "train/epoch": 1.0, "train/global_step": 11, "_timestamp": 1696699557.3198311, "_runtime": 200.31658816337585, "_step": 1, "train/train_runtime": 200.3404, "train/train_samples_per_second": 0.799, "train/train_steps_per_second": 0.055, "train/total_flos": 4531257999360.0, "train/train_loss": 2.5929749228737573, "_wandb": {"runtime": 198}}