{"eval/loss": 2.6767377853393555, "eval/bleu": 10.5663, "eval/gen_len": 38.58, "eval/runtime": 139.5224, "eval/samples_per_second": 0.358, "eval/steps_per_second": 0.029, "train/epoch": 1.0, "train/global_step": 27, "_timestamp": 1696721084.5268445, "_runtime": 444.9608814716339, "_step": 1, "train/train_runtime": 444.9809, "train/train_samples_per_second": 0.899, "train/train_steps_per_second": 0.061, "train/total_flos": 11124225146880.0, "train/train_loss": 2.6343132301613137, "_wandb": {"runtime": 443}}