{"eval/loss": 2.6767377853393555, "eval/bleu": 10.5663, "eval/gen_len": 38.58, "eval/runtime": 137.9121, "eval/samples_per_second": 0.363, "eval/steps_per_second": 0.029, "train/epoch": 1.0, "train/global_step": 27, "_timestamp": 1696713632.8179011, "_runtime": 448.2398772239685, "_step": 1, "train/train_runtime": 448.2657, "train/train_samples_per_second": 0.892, "train/train_steps_per_second": 0.06, "train/total_flos": 11124225146880.0, "train/train_loss": 2.6343132301613137, "_wandb": {"runtime": 447}}