{"eval/loss": 2.67563533782959, "eval/bleu": 7.6653, "eval/gen_len": 19.4, "eval/runtime": 14.46, "eval/samples_per_second": 0.692, "eval/steps_per_second": 0.277, "train/epoch": 1.0, "train/global_step": 27, "_timestamp": 1696683610.2043548, "_runtime": 106.92584872245789, "_step": 1, "train/train_runtime": 106.9509, "train/train_samples_per_second": 0.748, "train/train_steps_per_second": 0.252, "train/total_flos": 1371559624704.0, "train/train_loss": 2.686589276349103, "_wandb": {"runtime": 104}}