{"eval/loss": 2.688791513442993, "eval/bleu": 10.2201, "eval/gen_len": 25.05, "eval/runtime": 30.3745, "eval/samples_per_second": 0.658, "eval/steps_per_second": 0.066, "train/epoch": 1.0, "train/global_step": 11, "_timestamp": 1696699986.4506109, "_runtime": 194.75740480422974, "_step": 1, "train/train_runtime": 194.782, "train/train_samples_per_second": 0.821, "train/train_steps_per_second": 0.056, "train/total_flos": 4531257999360.0, "train/train_loss": 2.5929749228737573, "_wandb": {"runtime": 196}}